long_image_index,short_image_index,expected_ratio,measured_R,measured_G,measured_B
0,1,2.1666666666666665,2.082327127456665,2.0703814029693604,2.0160372257232666
1,2,1.875,2.0088186264038086,2.037975311279297,2.0053718090057373
2,3,2.0,1.8783870935440063,1.857686996459961,1.867786169052124
3,4,2.0,1.9998483657836914,1.9663532972335815,1.9640620946884155
4,5,2.0,2.000408411026001,2.000751495361328,2.0033833980560303
5,6,2.0,2.0025033950805664,2.0027220249176025,2.001897096633911
6,7,2.0,1.9986684322357178,1.9290494918823242,1.9962173700332642
7,8,2.0,2.001729965209961,2.003887891769409,2.0032424926757812
8,9,2.0,1.7843248844146729,1.773767352104187,1.7522704601287842
9,10,2.0,2.0016674995422363,2.058809518814087,2.0550355911254883
10,11,2.0,2.0361711978912354,2.1410763263702393,2.0015792846679688
