method,epsilon_m,runs,inlier_fraction_mean,inlier_fraction_std,median_residual_mm_mean,median_residual_mm_std,angle_to_reference_deg_mean,angle_to_reference_deg_std,offset_to_reference_mm_mean,offset_to_reference_mm_std,runtime_s_mean,runtime_s_std
MLESAC,0.004,5,0.37448500716296995,0.0027204425823096428,1.7627276229241873,0.023422816540316596,0.13231570897910924,0.0391921908051638,1.3441073164020434,1.0272628782874502,0.13925507999956607,0.01549000632686591
MLESAC,0.006,5,0.48867460356666503,0.0012693635958741301,2.376416434513473,0.0375453180213134,0.14814915979885981,0.0535967702669642,1.2704765425597841,0.8280320986395086,0.13464189998339862,0.0029495734354043172
MLESAC,0.008,5,0.5735049152793559,0.005347139606741446,2.911545320588449,0.0934707493534901,0.10540112504306706,0.035639954465615686,0.899298488283673,0.6029920506860634,0.1335646599996835,0.002913860078572787
MLESAC,0.01,5,0.6405483376969816,0.0030400576126432912,3.3885227648516207,0.06055010420602935,0.09379913671609591,0.03345777467966128,0.6351632692609188,0.4526061625310128,0.11934274000814185,0.00230181659377414
MLESAC,0.012,5,0.6891982413673864,0.0025130283812433876,3.7568402469733924,0.058316192130019456,0.07985876711407011,0.026799727601696084,0.5585277377988973,0.4134550606721963,0.11870681998552754,0.0011872892577667906
RANSAC,0.004,5,0.37448500716296995,0.0027204425823096428,1.7627276229241873,0.023422816540316596,0.13231570897910924,0.0391921908051638,1.3441073164020434,1.0272628782874502,0.1406569000100717,0.05894289316971822
RANSAC,0.006,5,0.4892012053549375,0.0016369633331084503,2.384275790757262,0.04881066648402283,0.16576563004534495,0.050818637423239624,1.0676987036913221,0.6982733303705617,0.11536252000369132,0.023447202651593602
RANSAC,0.008,5,0.5753020797312651,0.002780055301101904,2.962998893396473,0.05459890813357062,0.11132391808932776,0.04074440360920926,0.8265055593157378,0.5278693705545814,0.10342149999924004,0.003081180262271506
RANSAC,0.01,5,0.6419335078792668,0.002613103529043391,3.488239834610307,0.07865243744150864,0.11161442977119236,0.05235313009744505,1.1845047818637822,0.8669461047564044,0.09314251999603584,0.0022126337937389265
RANSAC,0.012,5,0.6936837425282814,0.0027173560982489404,3.919750794393284,0.10521585689160282,0.09234779698287757,0.03458235820693846,1.545676099436366,0.5769393590037013,0.12391114002093673,0.04813750422733644
