M,B,runs,inlier_fraction_mean,inlier_fraction_std,median_residual_mm_mean,median_residual_mm_std,angle_to_reference_deg_mean,angle_to_reference_deg_std,offset_to_reference_mm_mean,offset_to_reference_mm_std,runtime_s_mean,runtime_s_std,model_point_evaluations_mean,model_point_evaluations_std
64,64,5,0.563403645704688,0.007033172107058143,3.0723845062382127,0.09575989919471019,0.2785930044373846,0.11541600007367789,1.8723926819652845,0.79192728514779,0.02105706000002101,0.0012499684313075224,8064.0,0.0
64,256,5,0.5626666008002766,0.0071007678989286034,3.0515703192865784,0.10510054270394793,0.30590820722140727,0.11540157700992092,1.9349269529498336,0.8498559399193097,0.02151995999738574,0.0014233804767698971,32256.0,0.0
64,1024,5,0.5643293978165291,0.006277547437248548,3.0097962738456214,0.07191513248833226,0.2358697296318139,0.061907006335510786,2.0472011632406857,1.0356198702536819,0.023060979996807875,0.0010586931873414786,129024.0,0.0
256,64,5,0.5724092278812429,0.006929617519873494,2.994612735528701,0.06477330241716636,0.13099152585804788,0.06714136328078171,0.9579386889656316,0.9883955329401504,0.024527960002887993,0.00571936798216215,32640.0,0.0
256,256,5,0.5741036407647089,0.003938584954405589,2.9500514566996094,0.06659934372764192,0.12170804374941117,0.0513141392567937,0.4712780316745935,0.4149265375463702,0.024064780003391205,0.002065566450127647,130560.0,0.0
256,1024,5,0.5735049152793559,0.005347139606741446,2.911545320588449,0.0934707493534901,0.10540112504306706,0.035639954465615686,0.899298488283673,0.6029920506860634,0.027481579990126192,0.0011076155764084472,522240.0,0.0
1024,64,5,0.5747280541421727,0.0020026931780663527,2.9073455551791754,0.052294405629664205,0.07453045168825509,0.027979330062061967,0.6647349368033462,0.37468731365495456,0.024192539998330174,0.0022330803456482463,130944.0,0.0
1024,256,5,0.5745146470384824,0.0020575307135037206,2.900820463306997,0.051816882109997846,0.07938314150445816,0.034234668056224424,0.590557694844196,0.36728532344465076,0.028408400004263968,0.0008111408724174354,523776.0,0.0
1024,1024,5,0.5754275552042681,0.0022476273705053862,2.9204998930530417,0.049761291846496206,0.08797832026176947,0.03428460667215687,0.6744808030396898,0.26988740913882514,0.056439520011190326,0.010710196080861122,2095104.0,0.0
